2025-11-25_14-30-32,0,draft.py:2025-11-25_14-30-32
2025-11-25_14-46-22,0,draft.py:2025-11-25_14-46-22
2025-11-25_14-53-04,0,draft.py:2025-11-25_14-53-04
2025-11-25_14-53-23,0,draft.py:2025-11-25_14-53-23
2025-11-25_14-53-42,---,draft.py:2025-11-25_14-53-23
2025-11-25_14-55-39,0,draft.py:2025-11-25_14-55-39
2025-11-25_14-56-50,---,draft.py:2025-11-25_14-55-39
2025-11-25_15-00-55,20,draft.py:2025-11-25_15-00-55
2025-11-25_16-49-08,0,draft.py:2025-11-25_16-49-08
2025-11-26_14-14-01,0,draft.py:2025-11-26_14-14-01
2025-11-26_14-14-35,20,draft.py:2025-11-26_14-14-35
2025-11-26_14-15-53,---,draft.py:2025-11-26_14-14-35
2025-11-26_14-16-33,20,draft.py:2025-11-26_14-14-35
2025-11-26_14-31-53,20,draft.py:2025-11-26_14-31-53
2025-11-26_14-32-29,0,draft.py:2025-11-26_14-32-29
2025-11-26_14-32-51,20,draft.py:2025-11-26_14-32-51
2025-11-26_14-33-30,20,draft.py:2025-11-26_14-33-30
2025-11-26_14-33-31,20,draft.py:2025-11-26_14-33-30
2025-11-26_14-35-08,0,draft.py:2025-11-26_14-35-08
2025-11-26_14-36-22,20,draft.py:2025-11-26_14-36-22
2025-11-26_14-37-27,20,draft.py:2025-11-26_14-37-27
2025-11-26_15-02-49,0,draft.py:2025-11-26_15-02-49
2025-11-26_15-02-51,0,draft.py:2025-11-26_15-02-49
2025-11-26_15-03-12,0,draft.py:2025-11-26_15-02-49
2025-11-26_15-13-21,20,draft.py:2025-11-26_15-13-21
2025-11-26_15-17-16,0,draft.py:2025-11-26_15-17-16
2025-11-26_15-17-17,0,draft.py:2025-11-26_15-17-16
2025-11-26_15-19-18,---,draft.py:2025-11-26_15-17-16
2025-11-26_15-23-12,20,draft.py:2025-11-26_15-23-12
2025-11-26_15-25-00,0,draft.py:2025-11-26_15-25-00
2025-11-26_15-25-09,---,draft.py:2025-11-26_15-25-00
2025-11-26_15-29-43,0,draft.py:2025-11-26_15-29-43
2025-11-26_15-30-09,20,draft.py:2025-11-26_15-30-09
2025-11-26_15-31-26,0,draft.py:2025-11-26_15-31-26
2025-11-26_15-31-49,20,draft.py:2025-11-26_15-31-49
2025-11-26_15-32-01,20,draft.py:2025-11-26_15-31-49
2025-11-26_22-41-37,20,draft.py:2025-11-26_15-31-49
2025-11-27_13-09-05,20,draft.py:2025-11-26_15-31-49
2025-11-27_13-10-43,---,draft.py:2025-11-26_15-31-49
2025-11-27_13-15-05,20,draft.py:2025-11-26_15-31-49
2025-11-27_13-58-32,20,draft.py:2025-11-27_13-58-32
2025-11-27_14-01-00,20,draft.py:2025-11-27_14-01-00
2025-11-27_14-10-00,20,draft.py:2025-11-27_14-10-00
2025-11-27_14-41-00,20,draft.py:2025-11-27_14-41-00
2025-11-28_13-20-23,20,draft.py:2025-11-27_14-41-00
2025-11-28_13-23-03,20,draft.py:2025-11-27_14-41-00
2025-11-28_13-24-59,0,draft.py:2025-11-28_13-24-59
2025-11-28_13-25-09,20,draft.py:2025-11-28_13-25-09
2025-11-28_13-25-09,20,draft.py:2025-11-28_13-25-09
2025-11-28_13-25-11,20,draft.py:2025-11-28_13-25-11
2025-11-29_17-57-30,20,draft.py:2025-11-28_13-25-11
2025-11-29_19-03-37,20,draft.py:2025-11-29_19-03-37
2025-11-29_19-10-32,20,draft.py:2025-11-29_19-10-32
2025-11-29_21-01-30,20,draft.py:2025-11-29_21-01-30
2025-11-29_21-04-12,20,draft.py:2025-11-29_21-04-12
2025-12-03_09-26-26,20,draft.py:2025-11-29_21-04-12
2025-12-03_09-41-46,20,draft.py:2025-12-03_09-41-46
2025-12-03_09-46-02,0,draft.py:2025-12-03_09-46-02
2025-12-03_09-46-03,0,draft.py:2025-12-03_09-46-02
2025-12-03_09-50-10,0,draft.py:2025-12-03_09-46-02
2025-12-03_09-54-48,0,draft.py:2025-12-03_09-54-48
2025-12-03_09-57-15,0,draft.py:2025-12-03_09-57-15
2025-12-03_09-57-15,0,draft.py:2025-12-03_09-57-15
2025-12-03_09-58-10,0,draft.py:2025-12-03_09-58-10
2025-12-03_09-58-33,0,draft.py:2025-12-03_09-58-33
2025-12-03_10-06-12,0,draft.py:2025-12-03_09-58-33
2025-12-03_10-07-21,0,draft.py:2025-12-03_09-58-33
2025-12-03_10-36-02,0,draft.py:2025-12-03_10-36-02
2025-12-03_10-36-02,0,draft.py:2025-12-03_10-36-02
2025-12-03_10-36-30,0,draft.py:2025-12-03_10-36-30
2025-12-03_19-03-47,40,draft.py:2025-12-03_19-03-47
2025-12-03_19-05-17,40,draft.py:2025-12-03_19-03-47
2025-12-03_19-10-33,0,draft.py:2025-12-03_19-10-33
2025-12-03_19-10-34,0,draft.py:2025-12-03_19-10-33
2025-12-03_19-10-35,0,draft.py:2025-12-03_19-10-33
2025-12-03_19-12-40,40,draft.py:2025-12-03_19-12-40
2025-12-03_19-14-03,60,draft.py:2025-12-03_19-14-03
2025-12-03_19-18-38,60,draft.py:2025-12-03_19-18-38
2025-12-03_19-22-12,0,draft.py:2025-12-03_19-22-12
2025-12-03_19-22-13,0,draft.py:2025-12-03_19-22-12
2025-12-03_19-30-24,60,draft.py:2025-12-03_19-30-24
2025-12-03_20-09-01,60,draft.py:2025-12-03_20-09-01
2025-12-03_20-09-49,60,draft.py:2025-12-03_20-09-01
2025-12-03_20-11-18,60,draft.py:2025-12-03_20-09-01
2025-12-03_20-11-36,80,draft.py:2025-12-03_20-11-36
2025-12-03_20-11-40,80,draft.py:2025-12-03_20-11-36
2025-12-03_20-15-42,80,draft.py:2025-12-03_20-15-42
2025-12-03_20-17-25,100,draft.py:2025-12-03_20-17-25
2025-12-03_20-17-27,100,draft.py:2025-12-03_20-17-25
2025-12-03_20-18-39,100,draft.py:2025-12-03_20-17-25
